{"type": "block", "layer": 0, "block": 0, "features": [{"geom": {"pts": [[-10.745842656636645, 1.0593597436709326, 0.0]], "w": 0.716905196261021, "d": 0.716905196261021, "h": 2.150715588783063}, "mtl": 0, "prop": ["PRV - Head 107.1m"], "lh": 12.904293532698379}, {"geom": {"pts": [[-21.699870321423198, 15.996554617578598, 0.0]], "w": 0.716905196261021, "d": 0.716905196261021, "h": 2.150715588783063}, "mtl": 0, "prop": ["Pump/Inlet"], "lh": 12.904293532698379}, {"geom": {"pts": [[-10.298324349063787, 13.548553193654465, 0.0]], "w": 0.716905196261021, "d": 0.716905196261021, "h": 2.150715588783063}, "mtl": 0, "prop": ["DEUCHNEY DSR"], "lh": 12.904293532698379}]}