{"type": "block", "layer": 2, "block": 0, "features": [{"geom": {"pts": [[-10.745842656636645, 1.0593597436709326, 2.7604091312910457]], "w": 0.14338103925220422, "d": 0.14338103925220422, "h": 0.4301431177566126}, "mtl": 0, "prop": ["PRV - Head 107.1m"], "lh": 12.904293532698379}, {"geom": {"pts": [[-21.699870321423198, 15.996554617578598, 5.080066291242931]], "w": 0.14338103925220422, "d": 0.14338103925220422, "h": 0.4301431177566126}, "mtl": 0, "prop": ["Pump/Inlet"], "lh": 12.904293532698379}, {"geom": {"pts": [[-10.298324349063787, 13.548553193654465, 7.8374857650916825]], "w": 0.14338103925220422, "d": 0.14338103925220422, "h": 0.4301431177566126}, "mtl": 0, "prop": ["DEUCHNEY DSR"], "lh": 12.904293532698379}]}